-- ============================================================================
--  Atelier — サンプルデータ（シード）
--  schema.sql を実行したあとに、この内容を Supabase SQL Editor で実行します。
--  何度でも再実行できるよう、冒頭で全テーブルを初期化します。
-- ============================================================================

truncate table
  karte_photos, chemical_records, treatment_records, bookings,
  customers, staff, commission_settings
restart identity cascade;

-- ---------------------------------------------------------------------------
-- スタッフ（社員 3名 / 業務委託 4名）
-- ---------------------------------------------------------------------------
insert into staff (id, name, initials, color, bg_color, fg_color, employment_type, sort_order) values
  ('11111111-1111-1111-1111-111111111101', '田中 京子',  'TK', '#2C4A3E', '#E8F0ED', '#2C4A3E', 'staff',    1),
  ('11111111-1111-1111-1111-111111111102', '加藤 ひかり', 'KH', '#C9A84C', '#FAF4E6', '#8A6A1A', 'staff',    2),
  ('11111111-1111-1111-1111-111111111103', '吉田 早苗',  'YS', '#7B5EA7', '#F0EBF8', '#5A3D8A', 'staff',    3),
  ('11111111-1111-1111-1111-111111111104', '本田 まい',  'HM', '#2C7A4E', '#E8F5F0', '#1A6B4A', 'contract', 4),
  ('11111111-1111-1111-1111-111111111105', '中島 りか',  'RN', '#C9A84C', '#FAF4E6', '#8A6A1A', 'contract', 5),
  ('11111111-1111-1111-1111-111111111106', '藤原 けい',  'KF', '#7B5EA7', '#F0EBF8', '#5A3D8A', 'contract', 6),
  ('11111111-1111-1111-1111-111111111107', '奥山 ゆり',  'YO', '#4A4540', '#F5F0E8', '#4A4540', 'contract', 7);

-- ---------------------------------------------------------------------------
-- 顧客
-- ---------------------------------------------------------------------------
insert into customers
  (id, name, initials, phone, birth_year, customer_type, hair_type, allergy_tag, allergy_note,
   avatar_bg, avatar_fg, assigned_staff_id, visit_count, lifetime_value, avg_cycle_days, last_visit_on,
   next_suggestion, next_target, next_price, next_duration)
values
  ('22222222-2222-2222-2222-222222222201', '山田 花子', '山花', '090-1234-5678', 1985, 'existing',
   '細め・軟毛・多毛 / パサつきあり', 'ジアミンアレルギー歴', 'パッチテスト必須',
   '#E8F0ED', '#2C4A3E', '11111111-1111-1111-1111-111111111101', 28, 336000, 45, '2026-05-30',
   'ハイライトから約3ヶ月が経過する7月中旬が次回ベスト。・ハイライトのリタッチ（根元2〜3cm）・グロスカラーで全体のツヤ感アップ・毛先のトリートメント継続。ホームケアとしてミルボンシャンプーを提案済み。次回使用感を確認。',
   '7月中旬（目安）', '¥24,000〜 想定', '約3時間'),

  ('22222222-2222-2222-2222-222222222202', '佐藤 めぐみ', '佐め', '090-2345-6789', 1990, 'existing',
   '普通毛 / 量多め', null, null,
   '#FAF4E6', '#8A6A1A', '11111111-1111-1111-1111-111111111101', 15, 182000, 52, '2026-05-30',
   'グロスカラーで透明感を継続。次回はインナーカラーも提案したい。', '7月上旬', '¥18,000〜 想定', '約2時間'),

  ('22222222-2222-2222-2222-222222222203', '木村 奈々', '木奈', '090-3456-7890', 1998, 'new',
   '硬毛 / クセあり', null, null,
   '#F0EBF8', '#5A3D8A', '11111111-1111-1111-1111-111111111102', 2, 28600, null, '2026-05-30',
   'デジタルパーマ後の経過を確認。3ヶ月後にパーマ強めを提案。', '3ヶ月後', '¥28,000〜 想定', '約2.5時間'),

  ('22222222-2222-2222-2222-222222222204', '伊藤 さくら', '伊さ', '090-4567-8901', 1988, 'existing',
   'くせ毛 / 多毛', null, null,
   '#E8F0ED', '#2C4A3E', '11111111-1111-1111-1111-111111111103', 9, 98000, 60, '2026-05-30',
   '縮毛矯正の中間メンテとして、秋口にカラーを提案。', '9月頃', '¥38,000〜 想定', '約3時間'),

  ('22222222-2222-2222-2222-222222222205', '中村 真理子', '中真', '090-6789-0123', 1975, 'existing',
   '白髪あり / 普通毛', null, null,
   '#FAF4E6', '#8A6A1A', '11111111-1111-1111-1111-111111111102', 42, 498000, 42, '2026-05-30',
   '2ヶ月後にグレイカラーのリタッチ。同色番を継続。', '7月下旬', '¥16,500〜 想定', '約2時間'),

  ('22222222-2222-2222-2222-222222222206', '鈴木 理恵', '鈴理', '090-5678-9012', 2000, 'new',
   '細毛 / 軟毛', null, null,
   '#F5F0E8', '#4A4540', '11111111-1111-1111-1111-111111111101', 1, 8800, null, '2026-05-30',
   '初回カット。次回はトリートメントを追加提案。', '2ヶ月後', '¥11,000〜 想定', '約1.5時間');

-- ---------------------------------------------------------------------------
-- 予約（2026-05-30）
-- ---------------------------------------------------------------------------
insert into bookings
  (customer_name, staff_id, booking_date, start_time, end_time, menu, status, customer_type, amount, note, customer_id)
values
  -- 田中 京子
  ('山田 花子',   '11111111-1111-1111-1111-111111111101', '2026-05-30', '10:00', '11:00', 'カット + トリートメント', 'visited',   'existing', 13200, '毛先2cmカット希望',          '22222222-2222-2222-2222-222222222201'),
  ('佐藤 めぐみ', '11111111-1111-1111-1111-111111111101', '2026-05-30', '11:30', '13:30', 'ハイライトカラー',        'confirmed', 'existing', 22000, 'ジアミンパッチテスト要確認', '22222222-2222-2222-2222-222222222202'),
  ('鈴木 理恵',   '11111111-1111-1111-1111-111111111101', '2026-05-30', '14:30', '15:15', 'カット',                  'tentative', 'new',       8800, null,                          '22222222-2222-2222-2222-222222222206'),
  ('小林 純子',   '11111111-1111-1111-1111-111111111101', '2026-05-30', '16:00', '17:00', 'カット',                  'confirmed', 'existing',  8800, null,                          null),
  ('後藤 美樹',   '11111111-1111-1111-1111-111111111101', '2026-05-30', '17:30', '19:00', 'カット + カラー',         'confirmed', 'new',      18700, 'インスタ見て来店',           null),
  -- 加藤 ひかり
  ('木村 奈々',   '11111111-1111-1111-1111-111111111102', '2026-05-30', '10:30', '13:00', 'デジタルパーマ',          'visited',   'new',      28600, 'パーマ初めて',               '22222222-2222-2222-2222-222222222203'),
  ('田村 由香',   '11111111-1111-1111-1111-111111111102', '2026-05-30', '13:30', '14:30', 'カット',                  'confirmed', 'existing',  8800, null,                          null),
  ('中村 真理子', '11111111-1111-1111-1111-111111111102', '2026-05-30', '16:00', '18:00', 'グレイカラー',            'confirmed', 'existing', 16500, '毎回同じ色番希望',           '22222222-2222-2222-2222-222222222205'),
  -- 吉田 早苗
  ('渡辺 京',     '11111111-1111-1111-1111-111111111103', '2026-05-30', '10:00', '11:00', 'カット',                  'visited',   'existing',  8800, null,                          null),
  ('伊藤 さくら', '11111111-1111-1111-1111-111111111103', '2026-05-30', '13:00', '16:00', '縮毛矯正',                'confirmed', 'existing', 38500, '半年に1回のペース',          '22222222-2222-2222-2222-222222222204'),
  ('林 奈緒',     '11111111-1111-1111-1111-111111111103', '2026-05-30', '17:00', '18:00', 'カット + トリートメント', 'confirmed', 'existing', 13200, null,                          null),
  -- 本田 まい（業務委託）
  ('森 真由美',   '11111111-1111-1111-1111-111111111104', '2026-05-30', '09:30', '10:30', 'カット',                  'visited',   'existing',  8800, null,                          null),
  ('上田 彩花',   '11111111-1111-1111-1111-111111111104', '2026-05-30', '11:00', '13:00', 'フルカラー',              'visited',   'new',      15400, '初めてのカラー',             null),
  ('近藤 由希',   '11111111-1111-1111-1111-111111111104', '2026-05-30', '14:00', '15:30', 'カット + カラー',         'confirmed', 'existing', 18700, null,                          null),
  ('井上 麗奈',   '11111111-1111-1111-1111-111111111104', '2026-05-30', '16:30', '17:30', 'カット',                  'confirmed', 'new',       8800, null,                          null),
  -- 中島 りか（業務委託）
  ('大塚 七海',   '11111111-1111-1111-1111-111111111105', '2026-05-30', '10:00', '11:00', 'カット',                  'visited',   'existing',  8800, null,                          null),
  ('福田 彩',     '11111111-1111-1111-1111-111111111105', '2026-05-30', '13:00', '14:00', 'カット',                  'confirmed', 'existing',  9900, null,                          null),
  ('西川 美月',   '11111111-1111-1111-1111-111111111105', '2026-05-30', '15:00', '17:00', 'フルカラー',              'confirmed', 'new',      11000, null,                          null),
  -- 藤原 けい（業務委託）
  ('岡田 真央',   '11111111-1111-1111-1111-111111111106', '2026-05-30', '10:00', '11:00', 'カット',                  'visited',   'existing',  8800, null,                          null),
  ('三浦 桜',     '11111111-1111-1111-1111-111111111106', '2026-05-30', '11:30', '13:30', 'カラー',                  'confirmed', 'existing', 13200, null,                          null),
  ('横山 結衣',   '11111111-1111-1111-1111-111111111106', '2026-05-30', '14:00', '15:00', 'カット',                  'confirmed', 'new',      13200, null,                          null),
  -- 奥山 ゆり（業務委託）
  ('石川 葵',     '11111111-1111-1111-1111-111111111107', '2026-05-30', '10:00', '11:00', 'カット',                  'visited',   'existing',  8800, null,                          null),
  ('前田 凛',     '11111111-1111-1111-1111-111111111107', '2026-05-30', '13:00', '14:00', 'トリートメント',          'confirmed', 'existing',  6600, null,                          null),
  ('藤井 杏',     '11111111-1111-1111-1111-111111111107', '2026-05-30', '15:00', '15:45', 'カット',                  'confirmed', 'new',       8400, null,                          null);

-- ---------------------------------------------------------------------------
-- 施術履歴（カルテ）
-- ---------------------------------------------------------------------------
insert into treatment_records
  (customer_id, staff_id, performed_on, menu, amount, tags, note, icon, dot_bg, dot_fg)
values
  ('22222222-2222-2222-2222-222222222201', '11111111-1111-1111-1111-111111111101', '2026-05-30',
   'カット + トリートメント', 13200, '{カット,トリートメント}',
   '前回より2cm短め。毛先のパサつきが気になるとのこと。次回ハイライト希望あり。パッチテスト済み。',
   'scissors', '#2C4A3E', '#ffffff'),
  ('22222222-2222-2222-2222-222222222201', '11111111-1111-1111-1111-111111111101', '2026-04-02',
   'ハイライトカラー + カット', 22000, '{ハイライト,カット}',
   '8トーン base。ハイライト10本。仕上がり良好。ジアミンアレルギーのためパッチテスト実施済み（問題なし）。',
   'palette', '#C9A84C', '#ffffff'),
  ('22222222-2222-2222-2222-222222222201', '11111111-1111-1111-1111-111111111101', '2026-02-14',
   'カット', 8800, '{カット}',
   'バレンタイン前。丸みボブ維持。スタイリング相談あり。',
   'scissors', '#E8D5A3', '#4A3000'),

  ('22222222-2222-2222-2222-222222222202', '11111111-1111-1111-1111-111111111101', '2026-05-30',
   'ハイライトカラー', 22000, '{ハイライト}', '透明感重視。根元リタッチ中心。',
   'palette', '#C9A84C', '#ffffff'),
  ('22222222-2222-2222-2222-222222222203', '11111111-1111-1111-1111-111111111102', '2026-05-30',
   'デジタルパーマ', 28600, '{パーマ}', '初めてのパーマ。ロッド中間で柔らかめに。',
   'sparkles', '#7B5EA7', '#ffffff'),
  ('22222222-2222-2222-2222-222222222204', '11111111-1111-1111-1111-111111111103', '2026-05-30',
   '縮毛矯正', 38500, '{ストレート}', '半年ペース。根元中心に施術。',
   'sparkles', '#2C4A3E', '#ffffff'),
  ('22222222-2222-2222-2222-222222222205', '11111111-1111-1111-1111-111111111102', '2026-05-30',
   'グレイカラー', 16500, '{グレイカラー}', '同色番を継続。白髪カバー良好。',
   'palette', '#C9A84C', '#ffffff'),
  ('22222222-2222-2222-2222-222222222206', '11111111-1111-1111-1111-111111111101', '2026-05-30',
   'カット', 8800, '{カット}', '初回来店。肩上のボブに。',
   'scissors', '#2C4A3E', '#ffffff');

-- ---------------------------------------------------------------------------
-- 薬剤・カラー記録
-- ---------------------------------------------------------------------------
insert into chemical_records
  (customer_id, record_on, type_label, dot_color, brand, color_code, oxy, processing_time, finish_note, patch_test)
values
  ('22222222-2222-2222-2222-222222222201', '2026-04-02', 'ハイライトカラー', '#C9A84C',
   'ミルボン オルディーブ', '8-NB / 8-BE', '6%', '35分', null, true),
  ('22222222-2222-2222-2222-222222222201', '2025-10-18', 'グロスカラー', '#C9A84C',
   'ウエラ コレストン', '7/0 + 7/3', '3%', '20分', 'ツヤ感◎', null),
  ('22222222-2222-2222-2222-222222222205', '2026-05-30', 'グレイカラー', '#C9A84C',
   'ナプラ N.', '7/NB', '6%', '30分', '白髪カバー良好', null);

-- ---------------------------------------------------------------------------
-- 報酬率
-- ---------------------------------------------------------------------------
insert into commission_settings (id, existing_rate, new_rate) values (1, 60, 50);
